"disciplina","programa","Creation Date","Modified Date","Slug","Creator"
"Administração de Técnologia de Informação","CGA - Curso de Graduação em Administração","Aug 7, 2025 3:22 pm","Aug 7, 2025 3:22 pm","","(App admin)"
"Comportamento do Consumidor","CGA - Curso de Graduação em Administração","Aug 7, 2025 3:22 pm","Aug 7, 2025 3:22 pm","","(App admin)"
"Contabilidade Financeira","CGA - Curso de Graduação em Administração","Aug 7, 2025 3:22 pm","Aug 7, 2025 3:22 pm","","(App admin)"
"Ciência Política","CGA - Curso de Graduação em Administração","Aug 7, 2025 3:22 pm","Aug 7, 2025 3:22 pm","","(App admin)"
"Administração Financeira","CGA - Curso de Graduação em Administração","Aug 7, 2025 3:22 pm","Aug 7, 2025 3:22 pm","","(App admin)"
"Análise Estratégica","CGA - Curso de Graduação em Administração","Aug 7, 2025 3:22 pm","Aug 7, 2025 3:22 pm","","(App admin)"
"Análise para Decisões em Marketing","CGA - Curso de Graduação em Administração","Aug 7, 2025 3:22 pm","Aug 7, 2025 3:22 pm","","(App admin)"
"Direito Privado na Empresa","CGA - Curso de Graduação em Administração","Aug 7, 2025 3:22 pm","Aug 7, 2025 3:22 pm","","(App admin)"
"Controladoria","CGA - Curso de Graduação em Administração","Aug 7, 2025 3:22 pm","Aug 7, 2025 3:22 pm","","(App admin)"
"Direito Trabalhista","CGA - Curso de Graduação em Administração","Aug 7, 2025 3:22 pm","Aug 7, 2025 3:22 pm","","(App admin)"
"Estratégia Financeira","CGA - Curso de Graduação em Administração","Aug 7, 2025 3:22 pm","Aug 7, 2025 3:22 pm","","(App admin)"
"Direito Tributário","CGA - Curso de Graduação em Administração","Aug 7, 2025 3:22 pm","Aug 7, 2025 3:22 pm","","(App admin)"
"Estatística II","CGA - Curso de Graduação em Administração","Aug 7, 2025 3:22 pm","Aug 7, 2025 3:22 pm","","(App admin)"
"Experiência Empreendedora","CGA - Curso de Graduação em Administração","Aug 7, 2025 3:22 pm","Aug 7, 2025 3:22 pm","","(App admin)"
"Estatística I","CGA - Curso de Graduação em Administração","Aug 7, 2025 3:22 pm","Aug 7, 2025 3:22 pm","","(App admin)"
"Gestão de Pessoas","CGA - Curso de Graduação em Administração","Aug 7, 2025 3:22 pm","Aug 7, 2025 3:22 pm","","(App admin)"
"Gestão de Operações","CGA - Curso de Graduação em Administração","Aug 7, 2025 3:22 pm","Aug 7, 2025 3:22 pm","","(App admin)"
"Estratégia Mercadológica","CGA - Curso de Graduação em Administração","Aug 7, 2025 3:22 pm","Aug 7, 2025 3:22 pm","","(App admin)"
"Ética e Compliance","CGA - Curso de Graduação em Administração","Aug 7, 2025 3:22 pm","Aug 7, 2025 3:22 pm","","(App admin)"
"Gestão de Projetos","CGA - Curso de Graduação em Administração","Aug 7, 2025 3:22 pm","Aug 7, 2025 3:22 pm","","(App admin)"
"Introdução à Gestão","CGA - Curso de Graduação em Administração","Aug 7, 2025 3:22 pm","Aug 7, 2025 3:22 pm","","(App admin)"
"Modelagem para Apoio à Tomada de Decisão","CGA - Curso de Graduação em Administração","Aug 7, 2025 3:22 pm","Aug 7, 2025 3:22 pm","","(App admin)"
"Lógica de Programação","CGA - Curso de Graduação em Administração","Aug 7, 2025 3:22 pm","Aug 7, 2025 3:22 pm","","(App admin)"
"Macroeconomia","CGA - Curso de Graduação em Administração","Aug 7, 2025 3:22 pm","Aug 7, 2025 3:22 pm","","(App admin)"
"Logística Empresarial e SCM","CGA - Curso de Graduação em Administração","Aug 7, 2025 3:22 pm","Aug 7, 2025 3:22 pm","","(App admin)"
"Marketing Mix","CGA - Curso de Graduação em Administração","Aug 7, 2025 3:22 pm","Aug 7, 2025 3:22 pm","","(App admin)"
"Introdução à Tecnologia da Informação","CGA - Curso de Graduação em Administração","Aug 7, 2025 3:22 pm","Aug 7, 2025 3:22 pm","","(App admin)"
"Matemática Aplicada I","CGA - Curso de Graduação em Administração","Aug 7, 2025 3:22 pm","Aug 7, 2025 3:22 pm","","(App admin)"
"Matemática Aplicada II","CGA - Curso de Graduação em Administração","Aug 7, 2025 3:22 pm","Aug 7, 2025 3:22 pm","","(App admin)"
"Microeconomia Intermediária Aplicada","CGA - Curso de Graduação em Administração","Aug 7, 2025 3:22 pm","Aug 7, 2025 3:22 pm","","(App admin)"
"Oficina de Comunicação","CGA - Curso de Graduação em Administração","Aug 7, 2025 3:22 pm","Aug 7, 2025 3:22 pm","","(App admin)"
"Pesquisa de Mercado","CGA - Curso de Graduação em Administração","Aug 7, 2025 3:22 pm","Aug 7, 2025 3:22 pm","","(App admin)"
"Organizações","CGA - Curso de Graduação em Administração","Aug 7, 2025 3:22 pm","Aug 7, 2025 3:22 pm","","(App admin)"
"Orientação de Trabalho de Conclusão de Curso","CGA - Curso de Graduação em Administração","Aug 7, 2025 3:22 pm","Aug 7, 2025 3:22 pm","","(App admin)"
"Oficina de Argumentação Escrita","CGA - Curso de Graduação em Administração","Aug 7, 2025 3:22 pm","Aug 7, 2025 3:22 pm","","(App admin)"
"Psicologia do Trabalho","CGA - Curso de Graduação em Administração","Aug 7, 2025 3:22 pm","Aug 7, 2025 3:22 pm","","(App admin)"
"Psicologia","CGA - Curso de Graduação em Administração","Aug 7, 2025 3:22 pm","Aug 7, 2025 3:22 pm","","(App admin)"
"Prática de Consultoria","CGA - Curso de Graduação em Administração","Aug 7, 2025 3:22 pm","Aug 7, 2025 3:22 pm","","(App admin)"
"Pré Cálculo","CGA - Curso de Graduação em Administração","Aug 7, 2025 3:22 pm","Aug 7, 2025 3:22 pm","","(App admin)"
"Produtos Financeiros","CGA - Curso de Graduação em Administração","Aug 7, 2025 3:22 pm","Aug 7, 2025 3:22 pm","","(App admin)"
"Atividades Multidisciplinares II","CGAP - Curso de Graduação em Administração Pública","Aug 7, 2025 3:22 pm","Aug 7, 2025 3:22 pm","","(App admin)"
"Avaliação de Políticas Públicas","CGAP - Curso de Graduação em Administração Pública","Aug 7, 2025 3:22 pm","Aug 7, 2025 3:22 pm","","(App admin)"
"TCC","CGA - Curso de Graduação em Administração","Aug 7, 2025 3:22 pm","Aug 7, 2025 3:22 pm","","(App admin)"
"Administração Pública em Perspectiva Internacional","CGAP - Curso de Graduação em Administração Pública","Aug 7, 2025 3:22 pm","Aug 7, 2025 3:22 pm","","(App admin)"
"Contabilidade e Auditoria para a Gestão Pública","CGAP - Curso de Graduação em Administração Pública","Aug 7, 2025 3:22 pm","Aug 7, 2025 3:22 pm","","(App admin)"
"Atividades Multidisciplinares I","CGAP - Curso de Graduação em Administração Pública","Aug 7, 2025 3:22 pm","Aug 7, 2025 3:22 pm","","(App admin)"
"Sociologia e o Mundo Contemporâneo","CGA - Curso de Graduação em Administração","Aug 7, 2025 3:22 pm","Aug 7, 2025 3:22 pm","","(App admin)"
"Sociologia e Modernidade","CGA - Curso de Graduação em Administração","Aug 7, 2025 3:22 pm","Aug 7, 2025 3:22 pm","","(App admin)"
"Comunicação em Linguagem Clara para Diferentes Públicos","CGAP - Curso de Graduação em Administração Pública","Aug 7, 2025 3:22 pm","Aug 7, 2025 3:22 pm","","(App admin)"
"Conexão Sul e Gestão de Projetos","CGAP - Curso de Graduação em Administração Pública","Aug 7, 2025 3:22 pm","Aug 7, 2025 3:22 pm","","(App admin)"
"Desenvolvimento Sustentável","CGAP - Curso de Graduação em Administração Pública","Aug 7, 2025 3:22 pm","Aug 7, 2025 3:22 pm","","(App admin)"
"Desafios da Inserção Profissional","CGAP - Curso de Graduação em Administração Pública","Aug 7, 2025 3:22 pm","Aug 7, 2025 3:22 pm","","(App admin)"
"Desenho e Gestão de Mudança em Organizações Públicas","CGAP - Curso de Graduação em Administração Pública","Aug 7, 2025 3:22 pm","Aug 7, 2025 3:22 pm","","(App admin)"
"Diagnósticos de Problemas e Políticas Públicas Inovadoras","CGAP - Curso de Graduação em Administração Pública","Aug 7, 2025 3:22 pm","Aug 7, 2025 3:22 pm","","(App admin)"
"Direito Constitutional e Administrativo","CGAP - Curso de Graduação em Administração Pública","Aug 7, 2025 3:22 pm","Aug 7, 2025 3:22 pm","","(App admin)"
"Diversidades Contemporâneas e Políticas Públicas","CGAP - Curso de Graduação em Administração Pública","Aug 7, 2025 3:22 pm","Aug 7, 2025 3:22 pm","","(App admin)"
"Formação do Brasil Contemporâneo","CGAP - Curso de Graduação em Administração Pública","Aug 7, 2025 3:22 pm","Aug 7, 2025 3:22 pm","","(App admin)"
"Finanças e Compras Públicas","CGAP - Curso de Graduação em Administração Pública","Aug 7, 2025 3:22 pm","Aug 7, 2025 3:22 pm","","(App admin)"
"Gestão de Pessoas no Setor Público","CGAP - Curso de Graduação em Administração Pública","Aug 7, 2025 3:22 pm","Aug 7, 2025 3:22 pm","","(App admin)"
"Estruturação Financeira para Investimentos Públicos","CGAP - Curso de Graduação em Administração Pública","Aug 7, 2025 3:22 pm","Aug 7, 2025 3:22 pm","","(App admin)"
"Imersão Federal, Sistema Político e Conjuntura Econômica","CGAP - Curso de Graduação em Administração Pública","Aug 7, 2025 3:22 pm","Aug 7, 2025 3:22 pm","","(App admin)"
"Gestão de Relacionamentos","CGAP - Curso de Graduação em Administração Pública","Aug 7, 2025 3:22 pm","Aug 7, 2025 3:22 pm","","(App admin)"
"Gestão por Processos e Governo digital","CGAP - Curso de Graduação em Administração Pública","Aug 7, 2025 3:22 pm","Aug 7, 2025 3:22 pm","","(App admin)"
"Imersão Subnacional e Dilemas Éticos na Área Pública","CGAP - Curso de Graduação em Administração Pública","Aug 7, 2025 3:22 pm","Aug 7, 2025 3:22 pm","","(App admin)"
"Governança Urbana, Territorial e Metropolitana","CGAP - Curso de Graduação em Administração Pública","Aug 7, 2025 3:22 pm","Aug 7, 2025 3:22 pm","","(App admin)"
"Matemática Aplicada","CGAP - Curso de Graduação em Administração Pública","Aug 7, 2025 3:22 pm","Aug 7, 2025 3:22 pm","","(App admin)"
"Instrumentos de Modelagem para Decisões Públicas","CGAP - Curso de Graduação em Administração Pública","Aug 7, 2025 3:22 pm","Aug 7, 2025 3:22 pm","","(App admin)"
"Liderança em Organizações Públicas","CGAP - Curso de Graduação em Administração Pública","Aug 7, 2025 3:22 pm","Aug 7, 2025 3:22 pm","","(App admin)"
"Introdução à Administração Pública","CGAP - Curso de Graduação em Administração Pública","Aug 7, 2025 3:22 pm","Aug 7, 2025 3:22 pm","","(App admin)"
"Macroeconomia","CGAP - Curso de Graduação em Administração Pública","Aug 7, 2025 3:22 pm","Aug 7, 2025 3:22 pm","","(App admin)"
"Microeconomia","CGAP - Curso de Graduação em Administração Pública","Aug 7, 2025 3:22 pm","Aug 7, 2025 3:22 pm","","(App admin)"
"Organizações Internacionais e Políticas Públicas","CGAP - Curso de Graduação em Administração Pública","Aug 7, 2025 3:22 pm","Aug 7, 2025 3:22 pm","","(App admin)"
"Oficina de Integração e Interpretação de Texto","CGAP - Curso de Graduação em Administração Pública","Aug 7, 2025 3:22 pm","Aug 7, 2025 3:22 pm","","(App admin)"
"Planejamento e Gestão de Organizações Públicas","CGAP - Curso de Graduação em Administração Pública","Aug 7, 2025 3:22 pm","Aug 7, 2025 3:22 pm","","(App admin)"
"Políticas Sociais e Estado de Bem-estar (Oficina)","CGAP - Curso de Graduação em Administração Pública","Aug 7, 2025 3:22 pm","Aug 7, 2025 3:22 pm","","(App admin)"
"Sociologia Clássica","CGAP - Curso de Graduação em Administração Pública","Aug 7, 2025 3:22 pm","Aug 7, 2025 3:22 pm","","(App admin)"
"Pré-calculo","CGAP - Curso de Graduação em Administração Pública","Aug 7, 2025 3:22 pm","Aug 7, 2025 3:22 pm","","(App admin)"
"Projeto Aplicado","CGAP - Curso de Graduação em Administração Pública","Aug 7, 2025 3:22 pm","Aug 7, 2025 3:22 pm","","(App admin)"
"Políticas Sociais e Estado de Bem-estar (Teórica)","CGAP - Curso de Graduação em Administração Pública","Aug 7, 2025 3:22 pm","Aug 7, 2025 3:22 pm","","(App admin)"
"TCC1","CGAP - Curso de Graduação em Administração Pública","Aug 7, 2025 3:22 pm","Aug 7, 2025 3:22 pm","","(App admin)"
"Teoria Política e Radiografia do Estado Brasileiro","CGAP - Curso de Graduação em Administração Pública","Aug 7, 2025 3:22 pm","Aug 7, 2025 3:22 pm","","(App admin)"
"TCC2","CGAP - Curso de Graduação em Administração Pública","Aug 7, 2025 3:22 pm","Aug 7, 2025 3:22 pm","","(App admin)"
"Teorias de Políticas Públicas","CGAP - Curso de Graduação em Administração Pública","Aug 7, 2025 3:22 pm","Aug 7, 2025 3:22 pm","","(App admin)"
"Terceiro Setor em Perspectiva Comparada","CGAP - Curso de Graduação em Administração Pública","Aug 7, 2025 3:22 pm","Aug 7, 2025 3:22 pm","","(App admin)"
"Auditoria e Assurance","AFA - 2ª Graduação em Contabilidade, Finanças e Analytics","Aug 7, 2025 3:22 pm","Aug 7, 2025 3:22 pm","","(App admin)"
"Business Analytics","AFA - 2ª Graduação em Contabilidade, Finanças e Analytics","Aug 7, 2025 3:22 pm","Aug 7, 2025 3:22 pm","","(App admin)"
"Administração Financeira","AFA - 2ª Graduação em Contabilidade, Finanças e Analytics","Aug 7, 2025 3:22 pm","Aug 7, 2025 3:22 pm","","(App admin)"
"Aprofundando os Relatórios Financeiros","AFA - 2ª Graduação em Contabilidade, Finanças e Analytics","Aug 7, 2025 3:22 pm","Aug 7, 2025 3:22 pm","","(App admin)"
"Comunicação Corporativa","AFA - 2ª Graduação em Contabilidade, Finanças e Analytics","Aug 7, 2025 3:22 pm","Aug 7, 2025 3:22 pm","","(App admin)"
"Avaliação de Empresas e M&A","AFA - 2ª Graduação em Contabilidade, Finanças e Analytics","Aug 7, 2025 3:22 pm","Aug 7, 2025 3:22 pm","","(App admin)"
"Contabilidade Financeira II","AFA - 2ª Graduação em Contabilidade, Finanças e Analytics","Aug 7, 2025 3:22 pm","Aug 7, 2025 3:22 pm","","(App admin)"
"Contabilidade Financeira I","AFA - 2ª Graduação em Contabilidade, Finanças e Analytics","Aug 7, 2025 3:22 pm","Aug 7, 2025 3:22 pm","","(App admin)"
"Contabilidade Tributária","AFA - 2ª Graduação em Contabilidade, Finanças e Analytics","Aug 7, 2025 3:22 pm","Aug 7, 2025 3:22 pm","","(App admin)"
"Desafio Digital em Finanças e Controladoria I","AFA - 2ª Graduação em Contabilidade, Finanças e Analytics","Aug 7, 2025 3:22 pm","Aug 7, 2025 3:22 pm","","(App admin)"
"Contabilidade Gerencial II","AFA - 2ª Graduação em Contabilidade, Finanças e Analytics","Aug 7, 2025 3:22 pm","Aug 7, 2025 3:22 pm","","(App admin)"
"Controle Gerencial e Performance Management","AFA - 2ª Graduação em Contabilidade, Finanças e Analytics","Aug 7, 2025 3:22 pm","Aug 7, 2025 3:22 pm","","(App admin)"
"Contabilidade e Finanças Públicas","AFA - 2ª Graduação em Contabilidade, Finanças e Analytics","Aug 7, 2025 3:22 pm","Aug 7, 2025 3:22 pm","","(App admin)"
"Contabilidade Financeira Avançada","AFA - 2ª Graduação em Contabilidade, Finanças e Analytics","Aug 7, 2025 3:22 pm","Aug 7, 2025 3:22 pm","","(App admin)"
"Contabilidade Gerencial I","AFA - 2ª Graduação em Contabilidade, Finanças e Analytics","Aug 7, 2025 3:22 pm","Aug 7, 2025 3:22 pm","","(App admin)"
"Contabilidade, Finanças e ESG","AFA - 2ª Graduação em Contabilidade, Finanças e Analytics","Aug 7, 2025 3:22 pm","Aug 7, 2025 3:22 pm","","(App admin)"
"Ética Profissional","AFA - 2ª Graduação em Contabilidade, Finanças e Analytics","Aug 7, 2025 3:22 pm","Aug 7, 2025 3:22 pm","","(App admin)"
"Estatística II","AFA - 2ª Graduação em Contabilidade, Finanças e Analytics","Aug 7, 2025 3:22 pm","Aug 7, 2025 3:22 pm","","(App admin)"
"Direito Tributário","AFA - 2ª Graduação em Contabilidade, Finanças e Analytics","Aug 7, 2025 3:22 pm","Aug 7, 2025 3:22 pm","","(App admin)"
"Estratégia Financeira","AFA - 2ª Graduação em Contabilidade, Finanças e Analytics","Aug 7, 2025 3:22 pm","Aug 7, 2025 3:22 pm","","(App admin)"
"Direito Empresarial","AFA - 2ª Graduação em Contabilidade, Finanças e Analytics","Aug 7, 2025 3:22 pm","Aug 7, 2025 3:22 pm","","(App admin)"
"Fundamentos de Matemática para Gestão","AFA - 2ª Graduação em Contabilidade, Finanças e Analytics","Aug 7, 2025 3:22 pm","Aug 7, 2025 3:22 pm","","(App admin)"
"Desafio Digital em Finanças e Controladoria II","AFA - 2ª Graduação em Contabilidade, Finanças e Analytics","Aug 7, 2025 3:22 pm","Aug 7, 2025 3:22 pm","","(App admin)"
"Estatística I","AFA - 2ª Graduação em Contabilidade, Finanças e Analytics","Aug 7, 2025 3:22 pm","Aug 7, 2025 3:22 pm","","(App admin)"
"Estratégia Empresarial","AFA - 2ª Graduação em Contabilidade, Finanças e Analytics","Aug 7, 2025 3:22 pm","Aug 7, 2025 3:22 pm","","(App admin)"
"Formação em Soft Skills","AFA - 2ª Graduação em Contabilidade, Finanças e Analytics","Aug 7, 2025 3:22 pm","Aug 7, 2025 3:22 pm","","(App admin)"
"Gestão de Marketing","AFA - 2ª Graduação em Contabilidade, Finanças e Analytics","Aug 7, 2025 3:22 pm","Aug 7, 2025 3:22 pm","","(App admin)"
"Fundamentos de Programação para Gestão","AFA - 2ª Graduação em Contabilidade, Finanças e Analytics","Aug 7, 2025 3:22 pm","Aug 7, 2025 3:22 pm","","(App admin)"
"Machine Learning para Negócios","AFA - 2ª Graduação em Contabilidade, Finanças e Analytics","Aug 7, 2025 3:22 pm","Aug 7, 2025 3:22 pm","","(App admin)"
"Introdução a Negócios","AFA - 2ª Graduação em Contabilidade, Finanças e Analytics","Aug 7, 2025 3:22 pm","Aug 7, 2025 3:22 pm","","(App admin)"
"Introdução a Atuária","AFA - 2ª Graduação em Contabilidade, Finanças e Analytics","Aug 7, 2025 3:22 pm","Aug 7, 2025 3:22 pm","","(App admin)"
"Gestão de Projetos","AFA - 2ª Graduação em Contabilidade, Finanças e Analytics","Aug 7, 2025 3:22 pm","Aug 7, 2025 3:22 pm","","(App admin)"
"Gestão de Processos","AFA - 2ª Graduação em Contabilidade, Finanças e Analytics","Aug 7, 2025 3:22 pm","Aug 7, 2025 3:22 pm","","(App admin)"
"Governança Corporativa, Gestão de Riscos e Controle Interno","AFA - 2ª Graduação em Contabilidade, Finanças e Analytics","Aug 7, 2025 3:22 pm","Aug 7, 2025 3:22 pm","","(App admin)"
"Macroeconomia Aplicada","AFA - 2ª Graduação em Contabilidade, Finanças e Analytics","Aug 7, 2025 3:22 pm","Aug 7, 2025 3:22 pm","","(App admin)"
"Matemática Aplicada I","AFA - 2ª Graduação em Contabilidade, Finanças e Analytics","Aug 7, 2025 3:22 pm","Aug 7, 2025 3:22 pm","","(App admin)"
"Microeconomia Aplicada","AFA - 2ª Graduação em Contabilidade, Finanças e Analytics","Aug 7, 2025 3:22 pm","Aug 7, 2025 3:22 pm","","(App admin)"
"Mercados Financeiros","AFA - 2ª Graduação em Contabilidade, Finanças e Analytics","Aug 7, 2025 3:22 pm","Aug 7, 2025 3:22 pm","","(App admin)"
"Métodos Multivariados","AFA - 2ª Graduação em Contabilidade, Finanças e Analytics","Aug 7, 2025 3:22 pm","Aug 7, 2025 3:22 pm","","(App admin)"
"Matemática Aplicada II","AFA - 2ª Graduação em Contabilidade, Finanças e Analytics","Aug 7, 2025 3:22 pm","Aug 7, 2025 3:22 pm","","(App admin)"
"Orientação de TCC","AFA - 2ª Graduação em Contabilidade, Finanças e Analytics","Aug 7, 2025 3:22 pm","Aug 7, 2025 3:22 pm","","(App admin)"
"Oficina de Argumentação","AFA - 2ª Graduação em Contabilidade, Finanças e Analytics","Aug 7, 2025 3:22 pm","Aug 7, 2025 3:22 pm","","(App admin)"
"Modelagem para apoio à Tomada de Decisão","AFA - 2ª Graduação em Contabilidade, Finanças e Analytics","Aug 7, 2025 3:22 pm","Aug 7, 2025 3:22 pm","","(App admin)"
"Princípios de Data Science com Python","AFA - 2ª Graduação em Contabilidade, Finanças e Analytics","Aug 7, 2025 3:22 pm","Aug 7, 2025 3:22 pm","","(App admin)"
"Produtos Financeiros","AFA - 2ª Graduação em Contabilidade, Finanças e Analytics","Aug 7, 2025 3:22 pm","Aug 7, 2025 3:22 pm","","(App admin)"
"Perícia e Arbitragem","AFA - 2ª Graduação em Contabilidade, Finanças e Analytics","Aug 7, 2025 3:22 pm","Aug 7, 2025 3:22 pm","","(App admin)"
"Business alongside the Base of the Pyramid","OneMBA","Aug 7, 2025 3:22 pm","Aug 7, 2025 3:22 pm","","(App admin)"
"Artificial Intelligence","OneMBA","Aug 7, 2025 3:22 pm","Aug 7, 2025 3:22 pm","","(App admin)"
"Business and Sustainability at play in the Amazon","OneMBA","Aug 7, 2025 3:22 pm","Aug 7, 2025 3:22 pm","","(App admin)"
"Business and Society","OneMBA","Aug 7, 2025 3:22 pm","Aug 7, 2025 3:22 pm","","(App admin)"
"Teoria da Contabilidade","AFA - 2ª Graduação em Contabilidade, Finanças e Analytics","Aug 7, 2025 3:22 pm","Aug 7, 2025 3:22 pm","","(App admin)"
"Business Opportunites in Renewable Energies","OneMBA","Aug 7, 2025 3:22 pm","Aug 7, 2025 3:22 pm","","(App admin)"
"Business Ethics","OneMBA","Aug 7, 2025 3:22 pm","Aug 7, 2025 3:22 pm","","(App admin)"
"Business-Government Relations","OneMBA","Aug 7, 2025 3:22 pm","Aug 7, 2025 3:22 pm","","(App admin)"
"Business Game Simulation","OneMBA","Aug 7, 2025 3:22 pm","Aug 7, 2025 3:22 pm","","(App admin)"
"Corporate Finance in a Global Environment","OneMBA","Aug 7, 2025 3:22 pm","Aug 7, 2025 3:22 pm","","(App admin)"
"Data Science for Business Development","OneMBA","Aug 7, 2025 3:22 pm","Aug 7, 2025 3:22 pm","","(App admin)"
"DEIB (Diversity, Equity, Inclusion and Belonging)","OneMBA","Aug 7, 2025 3:22 pm","Aug 7, 2025 3:22 pm","","(App admin)"
"Global Marketing Management","OneMBA","Aug 7, 2025 3:22 pm","Aug 7, 2025 3:22 pm","","(App admin)"
"Future Global Executive","OneMBA","Aug 7, 2025 3:22 pm","Aug 7, 2025 3:22 pm","","(App admin)"
"Global Residency I (e.g., Euro-Africa)","OneMBA","Aug 7, 2025 3:22 pm","Aug 7, 2025 3:22 pm","","(App admin)"
"Global Operations Management","OneMBA","Aug 7, 2025 3:22 pm","Aug 7, 2025 3:22 pm","","(App admin)"
"Environmental, Social and Governance","OneMBA","Aug 7, 2025 3:22 pm","Aug 7, 2025 3:22 pm","","(App admin)"
"Global Residency II (e.g., Asia)","OneMBA","Aug 7, 2025 3:22 pm","Aug 7, 2025 3:22 pm","","(App admin)"
"Economic Decisions in Competitive Environments","OneMBA","Aug 7, 2025 3:22 pm","Aug 7, 2025 3:22 pm","","(App admin)"
"Entrepreneurship","OneMBA","Aug 7, 2025 3:22 pm","Aug 7, 2025 3:22 pm","","(App admin)"
"Leadership Pipeline","OneMBA","Aug 7, 2025 3:22 pm","Aug 7, 2025 3:22 pm","","(App admin)"
"International Legal Management","OneMBA","Aug 7, 2025 3:22 pm","Aug 7, 2025 3:22 pm","","(App admin)"
"Mergers and Acquisitions","OneMBA","Aug 7, 2025 3:22 pm","Aug 7, 2025 3:22 pm","","(App admin)"
"Managerial Accounting","OneMBA","Aug 7, 2025 3:22 pm","Aug 7, 2025 3:22 pm","","(App admin)"
"Global Residency III (e.g.,, Americas)","OneMBA","Aug 7, 2025 3:22 pm","Aug 7, 2025 3:22 pm","","(App admin)"
"Leading and Managing Global Organizations","OneMBA","Aug 7, 2025 3:22 pm","Aug 7, 2025 3:22 pm","","(App admin)"
"Macroeconomics","OneMBA","Aug 7, 2025 3:22 pm","Aug 7, 2025 3:22 pm","","(App admin)"
"Professional Communication + Digital Communication","OneMBA","Aug 7, 2025 3:22 pm","Aug 7, 2025 3:22 pm","","(App admin)"
"Quantitative Reasoning: Measurement, Design and Analysis","OneMBA","Aug 7, 2025 3:22 pm","Aug 7, 2025 3:22 pm","","(App admin)"
"Negotiation","OneMBA","Aug 7, 2025 3:22 pm","Aug 7, 2025 3:22 pm","","(App admin)"
"Service Operations Management","OneMBA","Aug 7, 2025 3:22 pm","Aug 7, 2025 3:22 pm","","(App admin)"
"Social Impact Challenge","OneMBA","Aug 7, 2025 3:22 pm","Aug 7, 2025 3:22 pm","","(App admin)"
"Arquitetura de Dados e Aplicações de Data Science em Negócios","EMBA - Executive MBA","Aug 7, 2025 3:22 pm","Aug 7, 2025 3:22 pm","","(App admin)"
"Strategy in a Global Arena","OneMBA","Aug 7, 2025 3:22 pm","Aug 7, 2025 3:22 pm","","(App admin)"
"Sustainable Finance","OneMBA","Aug 7, 2025 3:22 pm","Aug 7, 2025 3:22 pm","","(App admin)"
"Taxation and Tax Management","OneMBA","Aug 7, 2025 3:22 pm","Aug 7, 2025 3:22 pm","","(App admin)"
"Sustainability Immersion","OneMBA","Aug 7, 2025 3:22 pm","Aug 7, 2025 3:22 pm","","(App admin)"
"Wellness, Health Management and Safety in the Workplace","OneMBA","Aug 7, 2025 3:22 pm","Aug 7, 2025 3:22 pm","","(App admin)"
"Direito empresarial e Compliance","EMBA - Executive MBA","Aug 7, 2025 3:22 pm","Aug 7, 2025 3:22 pm","","(App admin)"
"Desvendando os Relatórios Financeiros","EMBA - Executive MBA","Aug 7, 2025 3:22 pm","Aug 7, 2025 3:22 pm","","(App admin)"
"Estatística Aplicada","EMBA - Executive MBA","Aug 7, 2025 3:22 pm","Aug 7, 2025 3:22 pm","","(App admin)"
"Economia e Empresas","EMBA - Executive MBA","Aug 7, 2025 3:22 pm","Aug 7, 2025 3:22 pm","","(App admin)"
"Estratégia da Empresa","EMBA - Executive MBA","Aug 7, 2025 3:22 pm","Aug 7, 2025 3:22 pm","","(App admin)"
"Laboratório de Negociação Avançada","EMBA - Executive MBA","Aug 7, 2025 3:22 pm","Aug 7, 2025 3:22 pm","","(App admin)"
"Gestão de Talentos","EMBA - Executive MBA","Aug 7, 2025 3:22 pm","Aug 7, 2025 3:22 pm","","(App admin)"
"Gestão de Operações","EMBA - Executive MBA","Aug 7, 2025 3:22 pm","Aug 7, 2025 3:22 pm","","(App admin)"
"Experience Accelerator","EMBA - Executive MBA","Aug 7, 2025 3:22 pm","Aug 7, 2025 3:22 pm","","(App admin)"
"Finanças Empresariais","EMBA - Executive MBA","Aug 7, 2025 3:22 pm","Aug 7, 2025 3:22 pm","","(App admin)"
"Inovação e Jornada Empreendedora","EMBA - Executive MBA","Aug 7, 2025 3:22 pm","Aug 7, 2025 3:22 pm","","(App admin)"
"Gestão de Marketing","EMBA - Executive MBA","Aug 7, 2025 3:22 pm","Aug 7, 2025 3:22 pm","","(App admin)"
"Leadership Development","EMBA - Executive MBA","Aug 7, 2025 3:22 pm","Aug 7, 2025 3:22 pm","","(App admin)"
"Matemática Financeira Aplicada","EMBA - Executive MBA","Aug 7, 2025 3:22 pm","Aug 7, 2025 3:22 pm","","(App admin)"
"Estratégia e Governança em Saúde / Health Strategy and Governance","EMBA Saúde - Executive MBA Saúde","Aug 7, 2025 3:22 pm","Aug 7, 2025 3:22 pm","","(App admin)"
"Transformação Digital","EMBA - Executive MBA","Aug 7, 2025 3:22 pm","Aug 7, 2025 3:22 pm","","(App admin)"
"Economia da Saúde","EMBA Saúde - Executive MBA Saúde","Aug 7, 2025 3:22 pm","Aug 7, 2025 3:22 pm","","(App admin)"
"Project Lab","EMBA - Executive MBA","Aug 7, 2025 3:22 pm","Aug 7, 2025 3:22 pm","","(App admin)"
"Desvendando Relatórios Financeiros e Planejando Negócios em Saúde / Financial Reports and Planning Business in Healthcare","EMBA Saúde - Executive MBA Saúde","Aug 7, 2025 3:22 pm","Aug 7, 2025 3:22 pm","","(App admin)"
"Analytics em Saúde / Analytics in Health","EMBA Saúde - Executive MBA Saúde","Aug 7, 2025 3:22 pm","Aug 7, 2025 3:22 pm","","(App admin)"
"Sustainable and Responsible Management","EMBA - Executive MBA","Aug 7, 2025 3:22 pm","Aug 7, 2025 3:22 pm","","(App admin)"
"Análise de Investimentos em Saúde","EMBA Saúde - Executive MBA Saúde","Aug 7, 2025 3:22 pm","Aug 7, 2025 3:22 pm","","(App admin)"
"Ética, Legislação e Regulação em Saúde ","EMBA Saúde - Executive MBA Saúde","Aug 7, 2025 3:22 pm","Aug 7, 2025 3:22 pm","","(App admin)"
"Marketing & Branding em Saúde / Marketing & Branding in Health","EMBA Saúde - Executive MBA Saúde","Aug 7, 2025 3:22 pm","Aug 7, 2025 3:22 pm","","(App admin)"
"Gestão de Projetos / Project Management","EMBA Saúde - Executive MBA Saúde","Aug 7, 2025 3:22 pm","Aug 7, 2025 3:22 pm","","(App admin)"
"Operações em Saúde / Operations in Health","EMBA Saúde - Executive MBA Saúde","Aug 7, 2025 3:22 pm","Aug 7, 2025 3:22 pm","","(App admin)"
"Gestão de Talentos / Talent Management","EMBA Saúde - Executive MBA Saúde","Aug 7, 2025 3:22 pm","Aug 7, 2025 3:22 pm","","(App admin)"
"Leadership Development","EMBA Saúde - Executive MBA Saúde","Aug 7, 2025 3:22 pm","Aug 7, 2025 3:22 pm","","(App admin)"
"Informação em Saúde / Healthcare Information Management","EMBA Saúde - Executive MBA Saúde","Aug 7, 2025 3:22 pm","Aug 7, 2025 3:22 pm","","(App admin)"
"Modelos de Negócios Emergentes / Emerging Business Models","EMBA Saúde - Executive MBA Saúde","Aug 7, 2025 3:22 pm","Aug 7, 2025 3:22 pm","","(App admin)"
"Negociação e Comunicação com Stakeholders da Saúde / Negotiation and Stakeholders Communication in Health","EMBA Saúde - Executive MBA Saúde","Aug 7, 2025 3:22 pm","Aug 7, 2025 3:22 pm","","(App admin)"
"Experience Accelerator","EMBA Saúde - Executive MBA Saúde","Aug 7, 2025 3:22 pm","Aug 7, 2025 3:22 pm","","(App admin)"
"Políticas, Sistemas de Saúde e Saúde Populacional / Health Policies and Systems and Population Health","EMBA Saúde - Executive MBA Saúde","Aug 7, 2025 3:22 pm","Aug 7, 2025 3:22 pm","","(App admin)"
"Estratégia Empresarial","MPA - Mestrado Profissional em Administração","Aug 7, 2025 3:22 pm","Aug 7, 2025 3:22 pm","","(App admin)"
"Competitividade & Supply Chains","MPA - Mestrado Profissional em Administração","Aug 7, 2025 3:22 pm","Aug 7, 2025 3:22 pm","","(App admin)"
"Dissertação","MPA - Mestrado Profissional em Administração","Aug 7, 2025 3:22 pm","Aug 7, 2025 3:22 pm","","(App admin)"
"Finanças Corporativas","MPA - Mestrado Profissional em Administração","Aug 7, 2025 3:22 pm","Aug 7, 2025 3:22 pm","","(App admin)"
"Estratégia de Marketing","MPA - Mestrado Profissional em Administração","Aug 7, 2025 3:22 pm","Aug 7, 2025 3:22 pm","","(App admin)"
"Tecnologia e Inovação em Saúde / Healthcare Technology and Innovation","EMBA Saúde - Executive MBA Saúde","Aug 7, 2025 3:22 pm","Aug 7, 2025 3:22 pm","","(App admin)"
"Economia Brasileira","MPA - Mestrado Profissional em Administração","Aug 7, 2025 3:22 pm","Aug 7, 2025 3:22 pm","","(App admin)"
"Fórum de Conhecimento","MPA - Mestrado Profissional em Administração","Aug 7, 2025 3:22 pm","Aug 7, 2025 3:22 pm","","(App admin)"
"Sustentabilidade em Saúde / Sustainability in Healthcare","EMBA Saúde - Executive MBA Saúde","Aug 7, 2025 3:22 pm","Aug 7, 2025 3:22 pm","","(App admin)"
"Geopolítica","MPA - Mestrado Profissional em Administração","Aug 7, 2025 3:22 pm","Aug 7, 2025 3:22 pm","","(App admin)"
"Novos Negócios","MPA - Mestrado Profissional em Administração","Aug 7, 2025 3:22 pm","Aug 7, 2025 3:22 pm","","(App admin)"
"Mercado de Capitais","MPA - Mestrado Profissional em Administração","Aug 7, 2025 3:22 pm","Aug 7, 2025 3:22 pm","","(App admin)"
"Mudanças Estratégicas","MPA - Mestrado Profissional em Administração","Aug 7, 2025 3:22 pm","Aug 7, 2025 3:22 pm","","(App admin)"
"Projeto de Pesquisa II","MPA - Mestrado Profissional em Administração","Aug 7, 2025 3:22 pm","Aug 7, 2025 3:22 pm","","(App admin)"
"Sustentabilidade Empresarial & ESG","MPA - Mestrado Profissional em Administração","Aug 7, 2025 3:22 pm","Aug 7, 2025 3:22 pm","","(App admin)"
"Projeto de Pesquisa I","MPA - Mestrado Profissional em Administração","Aug 7, 2025 3:22 pm","Aug 7, 2025 3:22 pm","","(App admin)"
"Transformação Digital","MPA - Mestrado Profissional em Administração","Aug 7, 2025 3:22 pm","Aug 7, 2025 3:22 pm","","(App admin)"
"APM - Agile Project Management","MPGI - Mestrado Profissional em Gestão Internacional","Aug 7, 2025 3:22 pm","Aug 7, 2025 3:22 pm","","(App admin)"
"Organizações e Equipes","MPA - Mestrado Profissional em Administração","Aug 7, 2025 3:22 pm","Aug 7, 2025 3:22 pm","","(App admin)"
"Business And Society","MPGI - Mestrado Profissional em Gestão Internacional","Aug 7, 2025 3:22 pm","Aug 7, 2025 3:22 pm","","(App admin)"
"Business Project - somente CEMS","MPGI - Mestrado Profissional em Gestão Internacional","Aug 7, 2025 3:22 pm","Aug 7, 2025 3:22 pm","","(App admin)"
"Case Design for International Corporate Venture Capital","MPGI - Mestrado Profissional em Gestão Internacional","Aug 7, 2025 3:22 pm","Aug 7, 2025 3:22 pm","","(App admin)"
"Brazilian Business Laws. A Comparative Approach","MPGI - Mestrado Profissional em Gestão Internacional","Aug 7, 2025 3:22 pm","Aug 7, 2025 3:22 pm","","(App admin)"
"Applied Research Methodology","MPGI - Mestrado Profissional em Gestão Internacional","Aug 7, 2025 3:22 pm","Aug 7, 2025 3:22 pm","","(App admin)"
"CS - Costumer Success Management","MPGI - Mestrado Profissional em Gestão Internacional","Aug 7, 2025 3:22 pm","Aug 7, 2025 3:22 pm","","(App admin)"
"Global Business Environment – Navigating the Digital Landscape","MPGI - Mestrado Profissional em Gestão Internacional","Aug 7, 2025 3:22 pm","Aug 7, 2025 3:22 pm","","(App admin)"
"FCF - Fundamentals of Corporate Finance","MPGI - Mestrado Profissional em Gestão Internacional","Aug 7, 2025 3:22 pm","Aug 7, 2025 3:22 pm","","(App admin)"
"ESWA - E-commerce Strategies and Web Analytics","MPGI - Mestrado Profissional em Gestão Internacional","Aug 7, 2025 3:22 pm","Aug 7, 2025 3:22 pm","","(App admin)"
"ESI - Early Stage Investment: Angel Investors, Venture Capital and Corporate Venture Capital","MPGI - Mestrado Profissional em Gestão Internacional","Aug 7, 2025 3:22 pm","Aug 7, 2025 3:22 pm","","(App admin)"
"Global Leadership (No-CEMS)","MPGI - Mestrado Profissional em Gestão Internacional","Aug 7, 2025 3:22 pm","Aug 7, 2025 3:22 pm","","(App admin)"
"Global Leadership (CEMS)","MPGI - Mestrado Profissional em Gestão Internacional","Aug 7, 2025 3:22 pm","Aug 7, 2025 3:22 pm","","(App admin)"
"Innovation in Global Companies","MPGI - Mestrado Profissional em Gestão Internacional","Aug 7, 2025 3:22 pm","Aug 7, 2025 3:22 pm","","(App admin)"
"IEA - Internationalization in the Era of AI","MPGI - Mestrado Profissional em Gestão Internacional","Aug 7, 2025 3:22 pm","Aug 7, 2025 3:22 pm","","(App admin)"
"Marketing and Social Media","MPGI - Mestrado Profissional em Gestão Internacional","Aug 7, 2025 3:22 pm","Aug 7, 2025 3:22 pm","","(App admin)"
"IEEM - International Economics for Emerging Markets","MPGI - Mestrado Profissional em Gestão Internacional","Aug 7, 2025 3:22 pm","Aug 7, 2025 3:22 pm","","(App admin)"
"MoTI - Management of Technology and Innovation","MPGI - Mestrado Profissional em Gestão Internacional","Aug 7, 2025 3:22 pm","Aug 7, 2025 3:22 pm","","(App admin)"
"IM - International Marketing","MPGI - Mestrado Profissional em Gestão Internacional","Aug 7, 2025 3:22 pm","Aug 7, 2025 3:22 pm","","(App admin)"
"Global Shifts and Geo-economics in the 21st Century (online)","MPGI - Mestrado Profissional em Gestão Internacional","Aug 7, 2025 3:22 pm","Aug 7, 2025 3:22 pm","","(App admin)"
"International Corporate Finance","MPGI - Mestrado Profissional em Gestão Internacional","Aug 7, 2025 3:22 pm","Aug 7, 2025 3:22 pm","","(App admin)"
"Social Entrepreneurship","MPGI - Mestrado Profissional em Gestão Internacional","Aug 7, 2025 3:22 pm","Aug 7, 2025 3:22 pm","","(App admin)"
"Predictive analytics for global decision-making: Quantitative methods in International Management","MPGI - Mestrado Profissional em Gestão Internacional","Aug 7, 2025 3:22 pm","Aug 7, 2025 3:22 pm","","(App admin)"
"Análise de Políticas Sociais","MPGPP - Mestrado Profissional em Gestão e Políticas Públicas","Aug 7, 2025 3:22 pm","Aug 7, 2025 3:22 pm","","(App admin)"
"Sustainable Operations and Supply Chain Management","MPGI - Mestrado Profissional em Gestão Internacional","Aug 7, 2025 3:22 pm","Aug 7, 2025 3:22 pm","","(App admin)"
"SIP - Strategy in an International Perspective","MPGI - Mestrado Profissional em Gestão Internacional","Aug 7, 2025 3:22 pm","Aug 7, 2025 3:22 pm","","(App admin)"
"Avaliação e Análise de Dados","MPGPP - Mestrado Profissional em Gestão e Políticas Públicas","Aug 7, 2025 3:22 pm","Aug 7, 2025 3:22 pm","","(App admin)"
"Negotiation","MPGI - Mestrado Profissional em Gestão Internacional","Aug 7, 2025 3:22 pm","Aug 7, 2025 3:22 pm","","(App admin)"
"Eletivas Metodológicas","MPGPP - Mestrado Profissional em Gestão e Políticas Públicas","Aug 7, 2025 3:22 pm","Aug 7, 2025 3:22 pm","","(App admin)"
"VAL - Valuation","MPGI - Mestrado Profissional em Gestão Internacional","Aug 7, 2025 3:22 pm","Aug 7, 2025 3:22 pm","","(App admin)"
"Eletivas específicas em Gestão e Políticas Públicas","MPGPP - Mestrado Profissional em Gestão e Políticas Públicas","Aug 7, 2025 3:22 pm","Aug 7, 2025 3:22 pm","","(App admin)"
"Administração de Riscos Empresariais","MPGC - Mestrado Profissional em Gestão para Competitividade","Aug 7, 2025 3:22 pm","Aug 7, 2025 3:22 pm","","(App admin)"
"Orçamento Público e Finanças","MPGPP - Mestrado Profissional em Gestão e Políticas Públicas","Aug 7, 2025 3:22 pm","Aug 7, 2025 3:22 pm","","(App admin)"
"Administração e Estratégia de Tecnologia de Informação","MPGC - Mestrado Profissional em Gestão para Competitividade","Aug 7, 2025 3:22 pm","Aug 7, 2025 3:22 pm","","(App admin)"
"Alinhando Gestão de Pessoas e Estratégia","MPGC - Mestrado Profissional em Gestão para Competitividade","Aug 7, 2025 3:22 pm","Aug 7, 2025 3:22 pm","","(App admin)"
"Agentes de Transformação em Cadeias","MPGC - Mestrado Profissional em Gestão para Competitividade","Aug 7, 2025 3:22 pm","Aug 7, 2025 3:22 pm","","(App admin)"
"Gestão Pública Contemporânea","MPGPP - Mestrado Profissional em Gestão e Políticas Públicas","Aug 7, 2025 3:22 pm","Aug 7, 2025 3:22 pm","","(App admin)"
"Imersões","MPGPP - Mestrado Profissional em Gestão e Políticas Públicas","Aug 7, 2025 3:22 pm","Aug 7, 2025 3:22 pm","","(App admin)"
"A Complexidade do Contexto Social","MPGC - Mestrado Profissional em Gestão para Competitividade","Aug 7, 2025 3:22 pm","Aug 7, 2025 3:22 pm","","(App admin)"
"Teoria Política, Estado e Sociedade","MPGPP - Mestrado Profissional em Gestão e Políticas Públicas","Aug 7, 2025 3:22 pm","Aug 7, 2025 3:22 pm","","(App admin)"
"Metodologia de Pesquisa Aplicada","MPGPP - Mestrado Profissional em Gestão e Políticas Públicas","Aug 7, 2025 3:22 pm","Aug 7, 2025 3:22 pm","","(App admin)"
"Analytics e Tomada de Decisão em Gestão de Pessoas","MPGC - Mestrado Profissional em Gestão para Competitividade","Aug 7, 2025 3:22 pm","Aug 7, 2025 3:22 pm","","(App admin)"
"Comportamento nas Organizações","MPGC - Mestrado Profissional em Gestão para Competitividade","Aug 7, 2025 3:22 pm","Aug 7, 2025 3:22 pm","","(App admin)"
"Aspectos Críticos do Comportamento nas Organizações","MPGC - Mestrado Profissional em Gestão para Competitividade","Aug 7, 2025 3:22 pm","Aug 7, 2025 3:22 pm","","(App admin)"
"Big Data, Analytics e Data Science","MPGC - Mestrado Profissional em Gestão para Competitividade","Aug 7, 2025 3:22 pm","Aug 7, 2025 3:22 pm","","(App admin)"
"Cenário da Saúde Pública & Privada","MPGC - Mestrado Profissional em Gestão para Competitividade","Aug 7, 2025 3:22 pm","Aug 7, 2025 3:22 pm","","(App admin)"
"Arquitetura de Processos End-to-end","MPGC - Mestrado Profissional em Gestão para Competitividade","Aug 7, 2025 3:22 pm","Aug 7, 2025 3:22 pm","","(App admin)"
"Cidades Sustentáveis","MPGC - Mestrado Profissional em Gestão para Competitividade","Aug 7, 2025 3:22 pm","Aug 7, 2025 3:22 pm","","(App admin)"
"Aspectos Legais da Relação de Trabalho","MPGC - Mestrado Profissional em Gestão para Competitividade","Aug 7, 2025 3:22 pm","Aug 7, 2025 3:22 pm","","(App admin)"
"Comportamento do Consumidor","MPGC - Mestrado Profissional em Gestão para Competitividade","Aug 7, 2025 3:22 pm","Aug 7, 2025 3:22 pm","","(App admin)"
"Behavioral Finance","MPGC - Mestrado Profissional em Gestão para Competitividade","Aug 7, 2025 3:22 pm","Aug 7, 2025 3:22 pm","","(App admin)"
"Comunicação","MPGC - Mestrado Profissional em Gestão para Competitividade","Aug 7, 2025 3:22 pm","Aug 7, 2025 3:22 pm","","(App admin)"
"Controle Gerencial da Performance Empresarial","MPGC - Mestrado Profissional em Gestão para Competitividade","Aug 7, 2025 3:22 pm","Aug 7, 2025 3:22 pm","","(App admin)"
"Cultura e Transformação Organizacional","MPGC - Mestrado Profissional em Gestão para Competitividade","Aug 7, 2025 3:22 pm","Aug 7, 2025 3:22 pm","","(App admin)"
"Customer Value-Centric Metrics & Decoupling","MPGC - Mestrado Profissional em Gestão para Competitividade","Aug 7, 2025 3:22 pm","Aug 7, 2025 3:22 pm","","(App admin)"
"Cultura do Consumo","MPGC - Mestrado Profissional em Gestão para Competitividade","Aug 7, 2025 3:22 pm","Aug 7, 2025 3:22 pm","","(App admin)"
"Data & Empirical Methods for Finance","MPGC - Mestrado Profissional em Gestão para Competitividade","Aug 7, 2025 3:22 pm","Aug 7, 2025 3:22 pm","","(App admin)"
"Desenho de Experiências e Jornadas","MPGC - Mestrado Profissional em Gestão para Competitividade","Aug 7, 2025 3:22 pm","Aug 7, 2025 3:22 pm","","(App admin)"
"Data Science e Automação Aplicados à Cadeia de Suprimentos","MPGC - Mestrado Profissional em Gestão para Competitividade","Aug 7, 2025 3:22 pm","Aug 7, 2025 3:22 pm","","(App admin)"
"Corporate Venturing","MPGC - Mestrado Profissional em Gestão para Competitividade","Aug 7, 2025 3:22 pm","Aug 7, 2025 3:22 pm","","(App admin)"
"Coordenação e Colaboração em Cadeias","MPGC - Mestrado Profissional em Gestão para Competitividade","Aug 7, 2025 3:22 pm","Aug 7, 2025 3:22 pm","","(App admin)"
"Discussão de Projeto I","MPGC - Mestrado Profissional em Gestão para Competitividade","Aug 7, 2025 3:22 pm","Aug 7, 2025 3:22 pm","","(App admin)"
"Difusão de Inovação","MPGC - Mestrado Profissional em Gestão para Competitividade","Aug 7, 2025 3:22 pm","Aug 7, 2025 3:22 pm","","(App admin)"
"Digital e Social Media Marketing","MPGC - Mestrado Profissional em Gestão para Competitividade","Aug 7, 2025 3:22 pm","Aug 7, 2025 3:22 pm","","(App admin)"
"Empreendedorismo em Saúde","MPGC - Mestrado Profissional em Gestão para Competitividade","Aug 7, 2025 3:22 pm","Aug 7, 2025 3:22 pm","","(App admin)"
"E-commerce, Novas Tecnologias e Plataformas","MPGC - Mestrado Profissional em Gestão para Competitividade","Aug 7, 2025 3:22 pm","Aug 7, 2025 3:22 pm","","(App admin)"
"Direito Aplicado ao Contexto da Inovação","MPGC - Mestrado Profissional em Gestão para Competitividade","Aug 7, 2025 3:22 pm","Aug 7, 2025 3:22 pm","","(App admin)"
"Engajamento Corporativo com Ecossistemas de Inovação","MPGC - Mestrado Profissional em Gestão para Competitividade","Aug 7, 2025 3:22 pm","Aug 7, 2025 3:22 pm","","(App admin)"
"Dimensões do uso de Tecnologia de Informação","MPGC - Mestrado Profissional em Gestão para Competitividade","Aug 7, 2025 3:22 pm","Aug 7, 2025 3:22 pm","","(App admin)"
"Economia da Saúde","MPGC - Mestrado Profissional em Gestão para Competitividade","Aug 7, 2025 3:22 pm","Aug 7, 2025 3:22 pm","","(App admin)"
"Entendendo as Organizações","MPGC - Mestrado Profissional em Gestão para Competitividade","Aug 7, 2025 3:22 pm","Aug 7, 2025 3:22 pm","","(App admin)"
"Estado, Fomento e Financiamento das Inovações","MPGC - Mestrado Profissional em Gestão para Competitividade","Aug 7, 2025 3:22 pm","Aug 7, 2025 3:22 pm","","(App admin)"
"Estratégia e Inovação para Estratégia Competitiva","MPGC - Mestrado Profissional em Gestão para Competitividade","Aug 7, 2025 3:22 pm","Aug 7, 2025 3:22 pm","","(App admin)"
"Finanças Integradas a Marketing & Vendas","MPGC - Mestrado Profissional em Gestão para Competitividade","Aug 7, 2025 3:22 pm","Aug 7, 2025 3:22 pm","","(App admin)"
"Experimentos, modelagem em marketing e growth hacking","MPGC - Mestrado Profissional em Gestão para Competitividade","Aug 7, 2025 3:22 pm","Aug 7, 2025 3:22 pm","","(App admin)"
"Finanças Aplicadas à Gestão em Saúde","MPGC - Mestrado Profissional em Gestão para Competitividade","Aug 7, 2025 3:22 pm","Aug 7, 2025 3:22 pm","","(App admin)"
"Eu + Esse Curso","MPGC - Mestrado Profissional em Gestão para Competitividade","Aug 7, 2025 3:22 pm","Aug 7, 2025 3:22 pm","","(App admin)"
"Finanças Estratégicas","MPGC - Mestrado Profissional em Gestão para Competitividade","Aug 7, 2025 3:22 pm","Aug 7, 2025 3:22 pm","","(App admin)"
"Estratégia e Experiência do Consumidor","MPGC - Mestrado Profissional em Gestão para Competitividade","Aug 7, 2025 3:22 pm","Aug 7, 2025 3:22 pm","","(App admin)"
"Finanças Corporativas","MPGC - Mestrado Profissional em Gestão para Competitividade","Aug 7, 2025 3:22 pm","Aug 7, 2025 3:22 pm","","(App admin)"
"Estratégia de Supply Chain Management","MPGC - Mestrado Profissional em Gestão para Competitividade","Aug 7, 2025 3:22 pm","Aug 7, 2025 3:22 pm","","(App admin)"
"Formação Integrada (Parte II)","MPGC - Mestrado Profissional em Gestão para Competitividade","Aug 7, 2025 3:22 pm","Aug 7, 2025 3:22 pm","","(App admin)"
"Futuro da Inovação","MPGC - Mestrado Profissional em Gestão para Competitividade","Aug 7, 2025 3:22 pm","Aug 7, 2025 3:22 pm","","(App admin)"
"Formação Integrada (Parte I)","MPGC - Mestrado Profissional em Gestão para Competitividade","Aug 7, 2025 3:22 pm","Aug 7, 2025 3:22 pm","","(App admin)"
"Gestão da Inovação","MPGC - Mestrado Profissional em Gestão para Competitividade","Aug 7, 2025 3:22 pm","Aug 7, 2025 3:22 pm","","(App admin)"
"Gestão de Cadeias Globais","MPGC - Mestrado Profissional em Gestão para Competitividade","Aug 7, 2025 3:22 pm","Aug 7, 2025 3:22 pm","","(App admin)"
"Gerenciamento de Projetos de Transformação Digital","MPGC - Mestrado Profissional em Gestão para Competitividade","Aug 7, 2025 3:22 pm","Aug 7, 2025 3:22 pm","","(App admin)"
"Gestão de Pessoas na Era Digital","MPGC - Mestrado Profissional em Gestão para Competitividade","Aug 7, 2025 3:22 pm","Aug 7, 2025 3:22 pm","","(App admin)"
"Gestão de Carreiras na Atualidade","MPGC - Mestrado Profissional em Gestão para Competitividade","Aug 7, 2025 3:22 pm","Aug 7, 2025 3:22 pm","","(App admin)"
"Gestão de Pessoas e Desempenho Organizacional I","MPGC - Mestrado Profissional em Gestão para Competitividade","Aug 7, 2025 3:22 pm","Aug 7, 2025 3:22 pm","","(App admin)"
"Gestão de Desempenho e Indicadores","MPGC - Mestrado Profissional em Gestão para Competitividade","Aug 7, 2025 3:22 pm","Aug 7, 2025 3:22 pm","","(App admin)"
"Inclusão Financeira, Tecnologia e Desenvolvimento (SNOC)","MPGC - Mestrado Profissional em Gestão para Competitividade","Aug 7, 2025 3:22 pm","Aug 7, 2025 3:22 pm","","(App admin)"
"Inovação Social","MPGC - Mestrado Profissional em Gestão para Competitividade","Aug 7, 2025 3:22 pm","Aug 7, 2025 3:22 pm","","(App admin)"
"Gestão de Vendas e Integração com Marketing","MPGC - Mestrado Profissional em Gestão para Competitividade","Aug 7, 2025 3:22 pm","Aug 7, 2025 3:22 pm","","(App admin)"
"Gestão de Pessoas: Teoria e Prática","MPGC - Mestrado Profissional em Gestão para Competitividade","Aug 7, 2025 3:22 pm","Aug 7, 2025 3:22 pm","","(App admin)"
"Gestão em Saúde Suplementar","MPGC - Mestrado Profissional em Gestão para Competitividade","Aug 7, 2025 3:22 pm","Aug 7, 2025 3:22 pm","","(App admin)"
"Gestão e avaliação de desempenho de Inovação","MPGC - Mestrado Profissional em Gestão para Competitividade","Aug 7, 2025 3:22 pm","Aug 7, 2025 3:22 pm","","(App admin)"
"Governança, Anticorrupção e Compliance","MPGC - Mestrado Profissional em Gestão para Competitividade","Aug 7, 2025 3:22 pm","Aug 7, 2025 3:22 pm","","(App admin)"
"Impacto social e propósito em marketing","MPGC - Mestrado Profissional em Gestão para Competitividade","Aug 7, 2025 3:22 pm","Aug 7, 2025 3:22 pm","","(App admin)"
"Indicadores de Saúde","MPGC - Mestrado Profissional em Gestão para Competitividade","Aug 7, 2025 3:22 pm","Aug 7, 2025 3:22 pm","","(App admin)"
"Gestão de Risco","MPGC - Mestrado Profissional em Gestão para Competitividade","Aug 7, 2025 3:22 pm","Aug 7, 2025 3:22 pm","","(App admin)"
"Investimentos e o Desenvolvimento Sustentável: Fatores ASG nas Decisões de","MPGC - Mestrado Profissional em Gestão para Competitividade","Aug 7, 2025 3:22 pm","Aug 7, 2025 3:22 pm","","(App admin)"
"Inovações em Tecnologia de Informação Aplicadas ao Negócio","MPGC - Mestrado Profissional em Gestão para Competitividade","Aug 7, 2025 3:22 pm","Aug 7, 2025 3:22 pm","","(App admin)"
"Marketing Aplicado à Saúde","MPGC - Mestrado Profissional em Gestão para Competitividade","Aug 7, 2025 3:22 pm","Aug 7, 2025 3:22 pm","","(App admin)"
"Logística aplicada à Gestão de Saúde","MPGC - Mestrado Profissional em Gestão para Competitividade","Aug 7, 2025 3:22 pm","Aug 7, 2025 3:22 pm","","(App admin)"
"Legislação, Regulação e Judicialização em Saúde","MPGC - Mestrado Profissional em Gestão para Competitividade","Aug 7, 2025 3:22 pm","Aug 7, 2025 3:22 pm","","(App admin)"
"Marketing para Inovação","MPGC - Mestrado Profissional em Gestão para Competitividade","Aug 7, 2025 3:22 pm","Aug 7, 2025 3:22 pm","","(App admin)"
"Investimentos","MPGC - Mestrado Profissional em Gestão para Competitividade","Aug 7, 2025 3:22 pm","Aug 7, 2025 3:22 pm","","(App admin)"
"Liderança e Change Management","MPGC - Mestrado Profissional em Gestão para Competitividade","Aug 7, 2025 3:22 pm","Aug 7, 2025 3:22 pm","","(App admin)"
"Integrando Finanças e Supply Chain","MPGC - Mestrado Profissional em Gestão para Competitividade","Aug 7, 2025 3:22 pm","Aug 7, 2025 3:22 pm","","(App admin)"
"Metodologia de Problemas Científicos","MPGC - Mestrado Profissional em Gestão para Competitividade","Aug 7, 2025 3:22 pm","Aug 7, 2025 3:22 pm","","(App admin)"
"Micro-imersão I - Criatividade e Cultura Corporativa para Inovação","MPGC - Mestrado Profissional em Gestão para Competitividade","Aug 7, 2025 3:22 pm","Aug 7, 2025 3:22 pm","","(App admin)"
"Novos Modelos de Negócio na Saúde","MPGC - Mestrado Profissional em Gestão para Competitividade","Aug 7, 2025 3:22 pm","Aug 7, 2025 3:22 pm","","(App admin)"
"Negociação","MPGC - Mestrado Profissional em Gestão para Competitividade","Aug 7, 2025 3:22 pm","Aug 7, 2025 3:22 pm","","(App admin)"
"O Trabalho do Futuro","MPGC - Mestrado Profissional em Gestão para Competitividade","Aug 7, 2025 3:22 pm","Aug 7, 2025 3:22 pm","","(App admin)"
"Novos Modelos de Organização na Saúde","MPGC - Mestrado Profissional em Gestão para Competitividade","Aug 7, 2025 3:22 pm","Aug 7, 2025 3:22 pm","","(App admin)"
"Novas Formas de Gestão","MPGC - Mestrado Profissional em Gestão para Competitividade","Aug 7, 2025 3:22 pm","Aug 7, 2025 3:22 pm","","(App admin)"
"Mudanças Climáticas: Regulação e Gestão Empresarial","MPGC - Mestrado Profissional em Gestão para Competitividade","Aug 7, 2025 3:22 pm","Aug 7, 2025 3:22 pm","","(App admin)"
"Modelos de Negócios na Era Digital","MPGC - Mestrado Profissional em Gestão para Competitividade","Aug 7, 2025 3:22 pm","Aug 7, 2025 3:22 pm","","(App admin)"
"New Venture Creation: Transformando Visões em Modelos de Negócios","MPGC - Mestrado Profissional em Gestão para Competitividade","Aug 7, 2025 3:22 pm","Aug 7, 2025 3:22 pm","","(App admin)"
"O Social da Sustentabilidade","MPGC - Mestrado Profissional em Gestão para Competitividade","Aug 7, 2025 3:22 pm","Aug 7, 2025 3:22 pm","","(App admin)"
"Políticas de Saúde","MPGC - Mestrado Profissional em Gestão para Competitividade","Aug 7, 2025 3:22 pm","Aug 7, 2025 3:22 pm","","(App admin)"
"Planejamento Financeiro e Valoração para Novos Projetos","MPGC - Mestrado Profissional em Gestão para Competitividade","Aug 7, 2025 3:22 pm","Aug 7, 2025 3:22 pm","","(App admin)"
"Redes e Valor em Saúde","MPGC - Mestrado Profissional em Gestão para Competitividade","Aug 7, 2025 3:22 pm","Aug 7, 2025 3:22 pm","","(App admin)"
"Profissional de Alta Performance","MPGC - Mestrado Profissional em Gestão para Competitividade","Aug 7, 2025 3:22 pm","Aug 7, 2025 3:22 pm","","(App admin)"
"Saúde da População","MPGC - Mestrado Profissional em Gestão para Competitividade","Aug 7, 2025 3:22 pm","Aug 7, 2025 3:22 pm","","(App admin)"
"Qualidade e Segurança em Saúde","MPGC - Mestrado Profissional em Gestão para Competitividade","Aug 7, 2025 3:22 pm","Aug 7, 2025 3:22 pm","","(App admin)"
"Revenue Operations e CRM","MPGC - Mestrado Profissional em Gestão para Competitividade","Aug 7, 2025 3:22 pm","Aug 7, 2025 3:22 pm","","(App admin)"
"Processos, Sistemas, Aplicativos e Social Business","MPGC - Mestrado Profissional em Gestão para Competitividade","Aug 7, 2025 3:22 pm","Aug 7, 2025 3:22 pm","","(App admin)"
"Qualidade e Experiência do Paciente","MPGC - Mestrado Profissional em Gestão para Competitividade","Aug 7, 2025 3:22 pm","Aug 7, 2025 3:22 pm","","(App admin)"
"Omnichannel","MPGC - Mestrado Profissional em Gestão para Competitividade","Aug 7, 2025 3:22 pm","Aug 7, 2025 3:22 pm","","(App admin)"
"Seminário de Trabalho Aplicado de Finanças e Controladoria I","MPGC - Mestrado Profissional em Gestão para Competitividade","Aug 7, 2025 3:22 pm","Aug 7, 2025 3:22 pm","","(App admin)"
"Seminário de Trabalho Aplicado de Gestão de Supply Chain I","MPGC - Mestrado Profissional em Gestão para Competitividade","Aug 7, 2025 3:22 pm","Aug 7, 2025 3:22 pm","","(App admin)"
"Seminário de Trabalho Aplicado de Gestão de Pessoas I I","MPGC - Mestrado Profissional em Gestão para Competitividade","Aug 7, 2025 3:22 pm","Aug 7, 2025 3:22 pm","","(App admin)"
"Seminário de Trabalho Aplicado de Gestão de Saúde I","MPGC - Mestrado Profissional em Gestão para Competitividade","Aug 7, 2025 3:22 pm","Aug 7, 2025 3:22 pm","","(App admin)"
"Seminário de Trabalho Aplicado de Gestão de Pessoas I","MPGC - Mestrado Profissional em Gestão para Competitividade","Aug 7, 2025 3:22 pm","Aug 7, 2025 3:22 pm","","(App admin)"
"Seminário de Trabalho Aplicado de Gestão de Marketing, Crescimento e Experiência do Consumidor I I","MPGC - Mestrado Profissional em Gestão para Competitividade","Aug 7, 2025 3:22 pm","Aug 7, 2025 3:22 pm","","(App admin)"
"Seminário de Trabalho Aplicado de Gestão de Saúde I I","MPGC - Mestrado Profissional em Gestão para Competitividade","Aug 7, 2025 3:22 pm","Aug 7, 2025 3:22 pm","","(App admin)"
"Seminário de Trabalho Aplicado de Gestão de Marketing, Crescimento e Experiência do Consumidor I","MPGC - Mestrado Profissional em Gestão para Competitividade","Aug 7, 2025 3:22 pm","Aug 7, 2025 3:22 pm","","(App admin)"
"Seminário de Trabalho Aplicado de Gestão de Supply Chain II","MPGC - Mestrado Profissional em Gestão para Competitividade","Aug 7, 2025 3:22 pm","Aug 7, 2025 3:22 pm","","(App admin)"
"Seminário de Trabalho Aplicado de Finanças e Controladoria II","MPGC - Mestrado Profissional em Gestão para Competitividade","Aug 7, 2025 3:22 pm","Aug 7, 2025 3:22 pm","","(App admin)"
"Seminário de Trabalho Aplicado de Inovação Corporativa I","MPGC - Mestrado Profissional em Gestão para Competitividade","Aug 7, 2025 3:22 pm","Aug 7, 2025 3:22 pm","","(App admin)"
"Seminário de Trabalho Aplicado de Sustentabilidade I","MPGC - Mestrado Profissional em Gestão para Competitividade","Aug 7, 2025 3:22 pm","Aug 7, 2025 3:22 pm","","(App admin)"
"Seminário de Trabalho Aplicado de Tecnologia de Informação I","MPGC - Mestrado Profissional em Gestão para Competitividade","Aug 7, 2025 3:22 pm","Aug 7, 2025 3:22 pm","","(App admin)"
"Serviços Ecossistêmicos","MPGC - Mestrado Profissional em Gestão para Competitividade","Aug 7, 2025 3:22 pm","Aug 7, 2025 3:22 pm","","(App admin)"
"Sistemas Comparados de Saúde: Diferentes Realidades, Diferentes Modelos, Diferentes Resultados","MPGC - Mestrado Profissional em Gestão para Competitividade","Aug 7, 2025 3:22 pm","Aug 7, 2025 3:22 pm","","(App admin)"
"Seminário de Trabalho Aplicado de Tecnologia de Informação I I","MPGC - Mestrado Profissional em Gestão para Competitividade","Aug 7, 2025 3:22 pm","Aug 7, 2025 3:22 pm","","(App admin)"
"Supply Chain e Omnichannel: uma Visão Centrada no Cliente","MPGC - Mestrado Profissional em Gestão para Competitividade","Aug 7, 2025 3:22 pm","Aug 7, 2025 3:22 pm","","(App admin)"
"Seminário de Trabalho Aplicado de Sustentabilidade II","MPGC - Mestrado Profissional em Gestão para Competitividade","Aug 7, 2025 3:22 pm","Aug 7, 2025 3:22 pm","","(App admin)"
"Supply Chain Innovation e Economia Circular","MPGC - Mestrado Profissional em Gestão para Competitividade","Aug 7, 2025 3:22 pm","Aug 7, 2025 3:22 pm","","(App admin)"
"Seminário de Trabalho Aplicado de Inovação Corporativa II","MPGC - Mestrado Profissional em Gestão para Competitividade","Aug 7, 2025 3:22 pm","Aug 7, 2025 3:22 pm","","(App admin)"
"Tecnologia de Informação, Estratégia e competitividade","MPGC - Mestrado Profissional em Gestão para Competitividade","Aug 7, 2025 3:22 pm","Aug 7, 2025 3:22 pm","","(App admin)"
"Sustentabilidade em campo","MPGC - Mestrado Profissional em Gestão para Competitividade","Aug 7, 2025 3:22 pm","Aug 7, 2025 3:22 pm","","(App admin)"
"Técnicas de Big Data e Analytics","MPGC - Mestrado Profissional em Gestão para Competitividade","Aug 7, 2025 3:22 pm","Aug 7, 2025 3:22 pm","","(App admin)"
"Sustentabilidade e Inovação","MPGC - Mestrado Profissional em Gestão para Competitividade","Aug 7, 2025 3:22 pm","Aug 7, 2025 3:22 pm","","(App admin)"
"Sustentabilidade: da filantropia à estratégia","MPGC - Mestrado Profissional em Gestão para Competitividade","Aug 7, 2025 3:22 pm","Aug 7, 2025 3:22 pm","","(App admin)"
"Sustentabilidade em Cadeias de Valor: Gestão e Governança","MPGC - Mestrado Profissional em Gestão para Competitividade","Aug 7, 2025 3:22 pm","Aug 7, 2025 3:22 pm","","(App admin)"
"Supply Chain Management e Competitividade","MPGC - Mestrado Profissional em Gestão para Competitividade","Aug 7, 2025 3:22 pm","Aug 7, 2025 3:22 pm","","(App admin)"
"Tendências para Competitividade","MPGC - Mestrado Profissional em Gestão para Competitividade","Aug 7, 2025 3:22 pm","Aug 7, 2025 3:22 pm","","(App admin)"
"Tópicos Especiais em Contabilidade","MPGC - Mestrado Profissional em Gestão para Competitividade","Aug 7, 2025 3:22 pm","Aug 7, 2025 3:22 pm","","(App admin)"
"Trabalho e Estratégia Competitiva","MPGC - Mestrado Profissional em Gestão para Competitividade","Aug 7, 2025 3:22 pm","Aug 7, 2025 3:22 pm","","(App admin)"
"Avaliação de Empresas e Fusões e Aquisições - Fin","DPA - Doutorado Profissional em Administração","Aug 7, 2025 3:22 pm","Aug 7, 2025 3:22 pm","","(App admin)"
"Valor do Uso de Tecnologia de Informação","MPGC - Mestrado Profissional em Gestão para Competitividade","Aug 7, 2025 3:22 pm","Aug 7, 2025 3:22 pm","","(App admin)"
"Valuation","MPGC - Mestrado Profissional em Gestão para Competitividade","Aug 7, 2025 3:22 pm","Aug 7, 2025 3:22 pm","","(App admin)"
"Análise Estratégica","DPA - Doutorado Profissional em Administração","Aug 7, 2025 3:22 pm","Aug 7, 2025 3:22 pm","","(App admin)"
"Análise Estratégica - Fin","DPA - Doutorado Profissional em Administração","Aug 7, 2025 3:22 pm","Aug 7, 2025 3:22 pm","","(App admin)"
"Análise Organizacional - Fin","DPA - Doutorado Profissional em Administração","Aug 7, 2025 3:22 pm","Aug 7, 2025 3:22 pm","","(App admin)"
"Uso de Tecnologia de Informação nas empresas","MPGC - Mestrado Profissional em Gestão para Competitividade","Aug 7, 2025 3:22 pm","Aug 7, 2025 3:22 pm","","(App admin)"
"Competitividade Empresarial","DPA - Doutorado Profissional em Administração","Aug 7, 2025 3:22 pm","Aug 7, 2025 3:22 pm","","(App admin)"
"Análise Organizacional","DPA - Doutorado Profissional em Administração","Aug 7, 2025 3:22 pm","Aug 7, 2025 3:22 pm","","(App admin)"
"Econometria Aplicada a Finanças - Fin","DPA - Doutorado Profissional em Administração","Aug 7, 2025 3:22 pm","Aug 7, 2025 3:22 pm","","(App admin)"
"Finanças Corporativas - Fin","DPA - Doutorado Profissional em Administração","Aug 7, 2025 3:22 pm","Aug 7, 2025 3:22 pm","","(App admin)"
"Finanças Sustentáveis - Fin","DPA - Doutorado Profissional em Administração","Aug 7, 2025 3:22 pm","Aug 7, 2025 3:22 pm","","(App admin)"
"Métodos Quantitativos Aplicados a Finanças - Fin","DPA - Doutorado Profissional em Administração","Aug 7, 2025 3:22 pm","Aug 7, 2025 3:22 pm","","(App admin)"
"Oficina de Publicações","DPA - Doutorado Profissional em Administração","Aug 7, 2025 3:22 pm","Aug 7, 2025 3:22 pm","","(App admin)"
"Macrotendências","DPA - Doutorado Profissional em Administração","Aug 7, 2025 3:22 pm","Aug 7, 2025 3:22 pm","","(App admin)"
"Mercado de Capitais e Investimentos - Fin","DPA - Doutorado Profissional em Administração","Aug 7, 2025 3:22 pm","Aug 7, 2025 3:22 pm","","(App admin)"
"Inovação e Novos Negócios","DPA - Doutorado Profissional em Administração","Aug 7, 2025 3:22 pm","Aug 7, 2025 3:22 pm","","(App admin)"
"Métodos Quantitativos","DPA - Doutorado Profissional em Administração","Aug 7, 2025 3:22 pm","Aug 7, 2025 3:22 pm","","(App admin)"
"Liderança para Mudança","DPA - Doutorado Profissional em Administração","Aug 7, 2025 3:22 pm","Aug 7, 2025 3:22 pm","","(App admin)"
"Métodos Qualitativos","DPA - Doutorado Profissional em Administração","Aug 7, 2025 3:22 pm","Aug 7, 2025 3:22 pm","","(App admin)"
"Oficina de Publicações - Fin","DPA - Doutorado Profissional em Administração","Aug 7, 2025 3:22 pm","Aug 7, 2025 3:22 pm","","(App admin)"
"Tendências em Marketing","DPA - Doutorado Profissional em Administração","Aug 7, 2025 3:22 pm","Aug 7, 2025 3:22 pm","","(App admin)"
"Projeto de Pesquisa","DPA - Doutorado Profissional em Administração","Aug 7, 2025 3:22 pm","Aug 7, 2025 3:22 pm","","(App admin)"
"Escola de métodos Outras","CMAE - Mestrado Acadêmico em Administração de Empresas","Aug 7, 2025 3:22 pm","Aug 7, 2025 3:22 pm","","(App admin)"
"Temas Avançados em Financial Reporting - Fin","DPA - Doutorado Profissional em Administração","Aug 7, 2025 3:22 pm","Aug 7, 2025 3:22 pm","","(App admin)"
"Disciplinas formativas das linhas de pesquisa","CMAE - Mestrado Acadêmico em Administração de Empresas","Aug 7, 2025 3:22 pm","Aug 7, 2025 3:22 pm","","(App admin)"
"Escola de métodos Qualitativa","CMAE - Mestrado Acadêmico em Administração de Empresas","Aug 7, 2025 3:22 pm","Aug 7, 2025 3:22 pm","","(App admin)"
"Escola de métodos Quantitativa","CMAE - Mestrado Acadêmico em Administração de Empresas","Aug 7, 2025 3:22 pm","Aug 7, 2025 3:22 pm","","(App admin)"
"Projeto de Pesquisa - Fin","DPA - Doutorado Profissional em Administração","Aug 7, 2025 3:22 pm","Aug 7, 2025 3:22 pm","","(App admin)"
"Linhas de Pesquisa","CMAE - Mestrado Acadêmico em Administração de Empresas","Aug 7, 2025 3:22 pm","Aug 7, 2025 3:22 pm","","(App admin)"
"Participação em Eventos/Congressos Científicos","CMAE - Mestrado Acadêmico em Administração de Empresas","Aug 7, 2025 3:22 pm","Aug 7, 2025 3:22 pm","","(App admin)"
"Escola de Métodos Qualitativa","CDAE - Doutorado em Administração de Empresas","Aug 7, 2025 3:22 pm","Aug 7, 2025 3:22 pm","","(App admin)"
"Transdisciplinar","CMAE - Mestrado Acadêmico em Administração de Empresas","Aug 7, 2025 3:22 pm","Aug 7, 2025 3:22 pm","","(App admin)"
"Quantitative Research Methods","CMAE - Mestrado Acadêmico em Administração de Empresas","Aug 7, 2025 3:22 pm","Aug 7, 2025 3:22 pm","","(App admin)"
"Epistemology","CDAE - Doutorado em Administração de Empresas","Aug 7, 2025 3:22 pm","Aug 7, 2025 3:22 pm","","(App admin)"
"Escola de Métodos Outras","CDAE - Doutorado em Administração de Empresas","Aug 7, 2025 3:22 pm","Aug 7, 2025 3:22 pm","","(App admin)"
"Qualitative Research Methods ","CMAE - Mestrado Acadêmico em Administração de Empresas","Aug 7, 2025 3:22 pm","Aug 7, 2025 3:22 pm","","(App admin)"
"Research Project","CMAE - Mestrado Acadêmico em Administração de Empresas","Aug 7, 2025 3:22 pm","Aug 7, 2025 3:22 pm","","(App admin)"
"Processo de Orientação para Dissertação","CMAE - Mestrado Acadêmico em Administração de Empresas","Aug 7, 2025 3:22 pm","Aug 7, 2025 3:22 pm","","(App admin)"
"Escola de Métodos Quantitativa","CDAE - Doutorado em Administração de Empresas","Aug 7, 2025 3:22 pm","Aug 7, 2025 3:22 pm","","(App admin)"
"Linhas de Pesquisa","CDAE - Doutorado em Administração de Empresas","Aug 7, 2025 3:22 pm","Aug 7, 2025 3:22 pm","","(App admin)"
"Escola de métodos Qualitativas","CMAPG - Mestrado Acadêmico em Administração Pública e Governo","Aug 7, 2025 3:22 pm","Aug 7, 2025 3:22 pm","","(App admin)"
"Economia","CMAPG - Mestrado Acadêmico em Administração Pública e Governo","Aug 7, 2025 3:22 pm","Aug 7, 2025 3:22 pm","","(App admin)"
"Eletivas de Linha (GSC, PESP e TEPP)","CMAPG - Mestrado Acadêmico em Administração Pública e Governo","Aug 7, 2025 3:22 pm","Aug 7, 2025 3:22 pm","","(App admin)"
"Metodologia Científica","CMAPG - Mestrado Acadêmico em Administração Pública e Governo","Aug 7, 2025 3:22 pm","Aug 7, 2025 3:22 pm","","(App admin)"
"Gestão e Organizações Públicas","CMAPG - Mestrado Acadêmico em Administração Pública e Governo","Aug 7, 2025 3:22 pm","Aug 7, 2025 3:22 pm","","(App admin)"
"Transdisciplinar","CDAE - Doutorado em Administração de Empresas","Aug 7, 2025 3:22 pm","Aug 7, 2025 3:22 pm","","(App admin)"
"Processo de Orientação para Tese","CDAE - Doutorado em Administração de Empresas","Aug 7, 2025 3:22 pm","Aug 7, 2025 3:22 pm","","(App admin)"
"Escola de métodos Quantitativas","CMAPG - Mestrado Acadêmico em Administração Pública e Governo","Aug 7, 2025 3:22 pm","Aug 7, 2025 3:22 pm","","(App admin)"
"Participação em Eventos/Congressos Científicos","CMAPG - Mestrado Acadêmico em Administração Pública e Governo","Aug 7, 2025 3:22 pm","Aug 7, 2025 3:22 pm","","(App admin)"
"Public Sector Performance","CMAPG - Mestrado Acadêmico em Administração Pública e Governo","Aug 7, 2025 3:22 pm","Aug 7, 2025 3:22 pm","","(App admin)"
"Rersearch Project","CMAPG - Mestrado Acadêmico em Administração Pública e Governo","Aug 7, 2025 3:22 pm","Aug 7, 2025 3:22 pm","","(App admin)"
"Processo de Orientação para Dissertação","CMAPG - Mestrado Acadêmico em Administração Pública e Governo","Aug 7, 2025 3:22 pm","Aug 7, 2025 3:22 pm","","(App admin)"
"Seminário Geral","CMAPG - Mestrado Acadêmico em Administração Pública e Governo","Aug 7, 2025 3:22 pm","Aug 7, 2025 3:22 pm","","(App admin)"
"Políticas Públicas","CMAPG - Mestrado Acadêmico em Administração Pública e Governo","Aug 7, 2025 3:22 pm","Aug 7, 2025 3:22 pm","","(App admin)"
"Teoria Política","CMAPG - Mestrado Acadêmico em Administração Pública e Governo","Aug 7, 2025 3:22 pm","Aug 7, 2025 3:22 pm","","(App admin)"
"Transdisciplinar","CMAPG - Mestrado Acadêmico em Administração Pública e Governo","Aug 7, 2025 3:22 pm","Aug 7, 2025 3:22 pm","","(App admin)"
"Eletivas de Linha (GSC, PESP e TEPP)","CDAPG - Doutorado em Administração Pública e Governo","Aug 7, 2025 3:22 pm","Aug 7, 2025 3:22 pm","","(App admin)"
"Ecola de Métodos Quantitativas","CDAPG - Doutorado em Administração Pública e Governo","Aug 7, 2025 3:22 pm","Aug 7, 2025 3:22 pm","","(App admin)"
"Ecola de Métodos Qualitativas","CDAPG - Doutorado em Administração Pública e Governo","Aug 7, 2025 3:22 pm","Aug 7, 2025 3:22 pm","","(App admin)"
"Eletivas transdisciplinares (MPGPP)","CDAPG - Doutorado em Administração Pública e Governo","Aug 7, 2025 3:22 pm","Aug 7, 2025 3:22 pm","","(App admin)"
"Seminário Geral","CDAPG - Doutorado em Administração Pública e Governo","Aug 7, 2025 3:22 pm","Aug 7, 2025 3:22 pm","","(App admin)"
"Processo de Orientação para Tese","CDAPG - Doutorado em Administração Pública e Governo","Aug 7, 2025 3:22 pm","Aug 7, 2025 3:22 pm","","(App admin)"
"Métodos Quantitativos Aplicados à Administração Pública","CDAPG - Doutorado em Administração Pública e Governo","Aug 7, 2025 3:22 pm","Aug 7, 2025 3:22 pm","","(App admin)"
"Seminário de Acompanhamento Monográfico","CDAPG - Doutorado em Administração Pública e Governo","Aug 7, 2025 3:22 pm","Aug 7, 2025 3:22 pm","","(App admin)"
"Métodos Qualitativos Aplicados à Administração Pública","CDAPG - Doutorado em Administração Pública e Governo","Aug 7, 2025 3:22 pm","Aug 7, 2025 3:22 pm","","(App admin)"
"Epistemology","CDAPG - Doutorado em Administração Pública e Governo","Aug 7, 2025 3:22 pm","Aug 7, 2025 3:22 pm","","(App admin)"
