DEPT;Professores
ADM;Adriana Miguel Ventura
ADM;Adriano Massuda
ADM;Amon Narciso de Barros
ADM;Ana Carolina Pires de Aguiar
ADM;Ana Maria Malik
ADM;Anderson de Souza Sant’Anna
ADM;Ann Louise Cunliffe
ADM;Caio Luiz Cibella de Carvalho
ADM;Denise Poiani Delboni
ADM;Denise Rossato Quatrin
ADM;Diego Maganhotto Coraiola
ADM;Edgard Elie Roger Barki
ADM;Fabio Botelho Josgrilberg
ADM;Fernanda Cassab Carreira
ADM;Fernanda Versiani de Rezende
ADM;Fernando Deodato Domingos
ADM;Francisco Manuel Figueira de Lemos
ADM;Gilberto Sarfati
ADM;Ianaira Barretto Souza Neves
ADM;Isabela Baleeiro Curado
ADM;Joana Sabrina Pereira Story
ADM;João Eduardo Albino Pimentel
ADM;João Lins Pereira Filho
ADM;Jorge Manoel Teixeira Carneiro
ADM;Laura Maria Cesar Schiesari
ADM;Luciana Padovez Cualheta
ADM;Marcelo Marinho Aidar
ADM;Marcelo Oliveira Coutinho de Lima
ADM;Marcio Antonio Rodrigues Sanches
ADM;Maria Fernanda Macedo Rios Cavalcanti
ADM;Maria José Tonelli
ADM;Maria Tereza Leme Fleury
ADM;Marina Amado Bahia Gama
ADM;Miguel Pinto Caldas
ADM;Paul Ferreira
ADM;Rafael Alcadipani da Silveira
ADM;Renato José de Souza
ADM;Roseli Morena Porto
ADM;Sérvio Túlio Prado Júnior
ADM;Simone Ruchdi Barakat
ADM;Tales Andreassi
ADM;Tobias Coutinho Parente
ADM;Umesh Dilip Kumar Mukhi
ADM;Vanessa Martines Cepellos
ADM;Walter Cintra Ferreira Júnior
FSJ;Alexandre A. Motonaga
FSJ;Alexandre Sansone Pacheco
FSJ;Amanda Albuquerque Gross
FSJ;Daniel Pereira Andrade
FSJ;George Avelino Filho
FSJ;Guarany Ipê do Sol Osório
FSJ;Isleide Arruda Fontenelle
FSJ;Janaína Vieira de Castro
FSJ;Jorge Boucinhas
FSJ;Ligia Maura Costa
FSJ;Luciana Stocco Betiol
FSJ;Maísa Cristina Dante Fagundes
FSJ;Marcelo Andrade Pinheiro
FSJ;Marcelo Galletti Ferretti
FSJ;Marcelo Mansur Haddad
FSJ;Moacir Andrade Peres
FSJ;Roberto França Vasconcellos
FSJ;Sebastian Ronderos
FSJ;Sergio Amad Costa
FSJ;Sérgio de Freitas Costa
FSJ;Silvia Viana Rodrigues
FSJ;Vitor Orquiza de Carvalho
GEP;Alexandre Abdal
GEP;André Cavaller Guzzi
GEP;Antonio Gelis Filho
GEP;Cibele Franzese
GEP;Cláudio Gonçalves Couto
GEP;Clóvis Bueno de Azevedo
GEP;Eduardo José Grin
GEP;Élida Graziane Pinto
GEP;Elisa Rodrigues Alves Larroudé
GEP;Elize Massard da Fonseca
GEP;Evan Michael Berman
GEP;Fernando Burgos
GEP;Fernando do Amaral Nogueira
GEP;Fernando Luiz Abrucio
GEP;Francisco César Pinto da Fonseca
GEP;Gabriela Lotta
GEP;Gustavo Andrey A. L. Fernandes
GEP;José Antonio Puppim de Oliveira
GEP;Lara Elena Ramos Simielli
GEP;Luis Paulo Bresciani
GEP;Luiz Carlos Bresser Pereira
GEP;Márcio José de Macedo
GEP;Marco Antonio Carvalho Teixeira
GEP;Mariana Xavier Nicoletti
GEP;Mario Aquino Alves
GEP;Mário Vinícius Claussen Spinelli
GEP;Marta Ferreira Santos Farah
GEP;Nelson Marconi
GEP;Regina Silvia V. Monteiro Pacheco
GEP;Renato Sérgio de Lima
GEP;Ricardo Corrêa Gomes
GEP;Tamo Chattopadhay
GEP;Zilma Borges de Souza
MKT;Adalberto Belluomini
MKT;Adriana Guedes Arcuri
MKT;Benjamin Rosenthal
MKT;Carla Campana
MKT;Carlos Eduardo Lourenço
MKT;Delane Botelho
MKT;Eliane Pereira Zamith Brito
MKT;Felipe Zambaldi
MKT;Francisco Ilson Saraiva Junior
MKT;Helton Haddad Carneiro Da Silva
MKT;Henrique De Campos Junior
MKT;Ines Pereira
MKT;Jamie Richard Smith
MKT;Jonny Mateus Rodrigues
MKT;Leandro Angotti Guissoni
MKT;Lilian Soares Pereira Carvalho
MKT;Lucia Salmonson G Barros
MKT;Luis Henrique Pereira
MKT;Luiz Tadeu Arraes Lopes
MKT;Marcelo Gattermann Perin
MKT;Mauricio Gerbaudo Morgado
MKT;Patricia Silva M Boaventura
MKT;Ramona De Luca
MKT;Tania Modesto Veludo De Oliveira
MKT;Viviane Moura Rocha Ferreira
PAE;Alexandra S. F. Godoi
PAE;Antonio C. Manfredini da C. Oliveira
PAE;Arthur Barrionuevo Filho
PAE;Chefe do PAE
PAE;Chefe Suplente
PAE;Ciro Biderman
PAE;Claudia Helena Cavalieri
PAE;Ernesto Lozardo
PAE;Frederico Roman Ramos
PAE;Gesner José Oliveira Filho
PAE;Jolanda Eline Ygosse Battisti
PAE;Julia Sophia Von Maltzan Pacheco
PAE;Marcos Fernandes Gonçalves da Silva
PAE;Mario Malta Campos Dotta e Silva
PAE;Matheus Albergaria de Magalhães
PAE;Paulo Roberto Arvate
PAE;Renan Gomes de Pieri
PAE;Ricardo Meirelles de Faria
PAE;Rudi Rocha de Castro
PAE;Tiago Porto Couto
TDS;Adrian Kemmer Cernev
TDS;Alberto Luiz Albertin
TDS;Aldy Fernandes Da Silva
TDS;Amarolinda Iara Da C Z Klein
TDS;Andre Luiz Silva Samartini
TDS;Claudio Luis Carvalho Larieira
TDS;Cleber Da Costa Figueiredo
TDS;Eduardo De Rezende Francisco
TDS;Eduardo Henrique Diniz
TDS;Erica Souza Siqueira
TDS;Fernando Chertman
TDS;Fernando Claro Tomaselli
TDS;Fernando De Souza Meirelles
TDS;Gabriel Silva Cogo
TDS;Gustavo Correa Mirapalheta
TDS;Heverton Roberto O C De Moraes
TDS;Hitoshi Nagano
TDS;Jaci Correa Leite
TDS;Joao Luiz Becker
TDS;Joao Porto De A Pereira
TDS;Larissa Marques Sartori
TDS;Libania Rangel De A Paes
TDS;Marco Alexandre Terlizzi
TDS;Maria Alexandra Viegas C Cunha
TDS;Marlei Pozzebon
TDS;Mateus Canniatti Ponchio
TDS;Nelson Lerner Barth
TDS;Otavio Prospero Sanchez
TDS;Patricia Leal Da Cunha
TDS;Phokion Sotirios Georgiou
TDS;Plinio Bernardi Junior
TDS;Rafael Dan Schur
TDS;Rodrigo Marotti Togneri
TDS;Sydnei Marssal De Oliveira
TDS;Wagner Bronze Damiani
CFC;Alan De Genaro
CFC;Alexandre Evaristo Pinto
CFC;AndrŽ Aroldo F. de Moura
CFC;Annelise Vendramini da Silva Caridade
CFC;Antonio Gledson Carvalho
CFC;Apinyapon Seingyai
CFC;Arthur Ridolfo Neto
CFC;Bianca Q. Checon
CFC;Claudia Emiko Yoshinaga
CFC;Diana Lœcia de Almeida
CFC;Edilene Santana Santos
CFC;Fabio Gallo Garcia
CFC;George Ohanian
CFC;Gisele Walczak
CFC;Henrique Castro Martins
CFC;Hsia Hua Sheng
CFC;Jo‹o Luiz Chela
CFC;Lauro E. Gonzalez Farias
CFC;Lucas Serr‹o Macoris
CFC;Luiz Augusto Martits
CFC;Marcio F. Gabrielli
CFC;Marco AurŽlio dos Santos
CFC;Maria Angelica L. Pedreti
CFC;Natalia Diniz Maganini
CFC;Paulo Renato Soares Terra
CFC;Pierre Oberson de Souza
CFC;Rafael Moreira Ant™nio
CFC;Rafael F. Schiozer
CFC;Rafael Ukazono Kubiski
CFC;Ricardo Ratner Rochman
CFC;Richard Saito
CFC;Rogiene B. dos Santos
CFC;ThŽo Cotrim Martins
CFC;Wesley M. da Silva
POI;Alexandre Pignanelli
POI;Ana Carolina Pereira de Vasconcelos Silva
POI;AndrŽ Cherubini Alves
POI;AndrŽ Pereira de Carvalho
POI;Antonio Carlos Teixeira çlvares
POI;Barbara Bechler Flynn
POI;Bruna Suzanne Aiello Tsu Nishikawa
POI;Ely Laureano Paiva
POI;JosŽ Bento C. Amaral Jr.
POI;Juliana Bonomi Santos de Campos
POI;Jœlio CŽsar Bastos de Figueiredo
POI;Leandro Alves Patah
POI;Luciana Harumi Hashiba Maestrelli Horta
POI;Luciana Marques Vieira
POI;Lu’s Henrique Rigato Vasconcellos
POI;Luiz Artur Ledur Brito
POI;Luiz Carlos Di Serio
POI;Maciel Manoel de Queiroz
POI;Mario Prestes Monzoni Neto
POI;Orlando Cattini Jœnior
POI;Paulo SodrŽ Hollaender
POI;Peter Fernandes Wanke
POI;Priscila Laczynki de Souza Miguel
POI;Susana Carla Farias Pereira
POI;Thomaz Wood Jœnior
POI;Vittoria Loviscek